422767,0.640524694,-0.918376648,0.77132036
422768,1.46611821,-1.160481121,0.793678589
422769,1.870112639,-1.042050652,0.860569783
422770,1.644706883,-0.458875973,0.944043408
422771,1.276520488,0.880912152,1.056825727
422772,0.843716054,2.512900949,1.097457108
422773,0.731120302,4.180903952,1.057148967
422774,0.569748811,5.669319329,0.927702838
422775,0.154093553,6.950876558,0.752437857
422776,0.117228134,8.079305005,0.79620194
422777,0.505222504,9.02840915,0.765503927
422778,0.644530942,9.652121445,0.735831169
422779,0.340636323,9.905724672,0.711032152
422780,-0.475419915,9.44146656,0.75160725
422781,-1.163816603,7.414494235,0.788972313
422782,-0.945932318,3.281648582,0.786262232
422783,-0.155818801,-2.47477355,0.855378114
422784,0.820396217,-8.802831742,0.98840665
422785,2.646458631,-14.8621074,1.124041957
422786,4.873254283,-19.77360202,1.249567654
422787,6.889049965,-22.96205494,1.341498056
422788,8.516244755,-24.4143862,1.433732344
422789,9.690019739,-24.30962744,1.566570822
422790,10.40704436,-23.17450064,1.656582213
422791,10.79405553,-21.34096387,1.647721974
422792,10.96235127,-19.07656528,1.550839812
422793,11.0072491,-17.00167879,1.479174771
422794,11.06250981,-15.3928614,1.487609868
422795,10.93227384,-14.32281571,1.410450437
422796,10.90013512,-13.91832728,1.326052367
422797,10.99320956,-13.9768443,1.320999157
422798,11.14493945,-14.18404641,1.329787961
422799,11.6278976,-14.18867842,1.346023552
422800,12.66928976,-13.66111743,1.2775336
422801,14.46400012,-12.29113548,1.210696908
422802,17.10359761,-10.10850429,1.120307057
422803,20.57340825,-7.516877179,0.945429328
422804,24.47287063,-4.6409571,0.708828607
422805,28.37299598,-1.306248005,0.474499601
422806,31.60185007,2.267637806,0.269656957
422807,33.57178456,5.474926115,0.1185185
422808,34.14256593,7.675881455,0.067760355
422809,33.68805543,8.478998643,0.144271735
422810,33.10407114,8.651251476,0.05088374
422811,32.34760788,8.836613813,-0.038460195
422812,31.18395958,9.007179947,-0.14453156
422813,29.95305577,9.174413094,-0.154661665
422814,29.09272716,9.324537392,-0.253249647
422815,28.38735136,9.369112468,-0.194230108
422816,27.90195571,9.353433751,-0.096034084
422817,27.5875089,9.492285503,-0.012204821
422818,27.32245609,9.675134334,0.029302019
422819,26.92426381,9.812656647,0.129125321
422820,26.3737821,9.884999003,0.219638484
422821,25.70171014,9.783198096,0.288831159
422822,24.64652173,9.143175672,0.271998002
422823,23.13178219,7.826032589,0.267720841
422824,21.22286001,5.911594585,0.292846359
422825,18.81172971,3.819744501,0.240458112
422826,16.03322635,2.14445392,0.313607919
422827,13.30272548,1.279986348,0.314637209
422828,10.87339412,0.976161044,0.227175531
422829,9.157741566,0.953955463,0.160174435
422830,8.141532903,1.309357297,0.084976385
422831,7.709810573,1.656624713,-0.029595841
422832,7.727405299,2.184222885,-0.065280948
422833,7.872633227,2.497502232,-0.082147153
422834,7.872978297,2.491321837,-0.067975645
422835,7.89268991,2.479665393,-0.046835068
422836,7.897975613,2.483993424,-0.022287446
422837,7.892865047,2.485920405,-0.011095019
422838,7.888489823,2.48494206,-0.010309168
422839,7.893305731,2.483901838,0.00381277
422840,7.900605649,2.480027403,0.021188556
422841,7.8981978,2.478691276,0.033918202
422842,7.895519562,2.474937768,0.037828219
422843,7.896763768,2.475311816,0.03954865
422844,7.902902491,2.478419631,0.043256543
422845,7.904314198,2.475899309,0.047288613
422846,7.908748589,2.477713532,0.052728371
422847,7.912751185,2.480599635,0.054727301
422848,7.842497336,2.343760319,0.05318002
422849,7.35741532,1.436246108,0.065448084
422850,6.059446866,-0.987275293,0.07611428
422851,4.241926787,-4.077563966,0.081354658
422852,2.899985214,-6.596136577,0.060544106
422853,2.437966199,-7.426572951,0.076452634
422854,2.720995336,-6.898244971,0.084350926
422855,3.242398257,-5.64338023,0.059183712
422856,3.858146215,-3.906027453,0.058149268
422857,4.413159328,-2.273825553,0.020883726
422858,4.786944084,-1.221306686,0.037403181
422859,5.25633483,-0.348934998,0.062599423
422860,6.006189149,1.015242086,0.063451745
422861,6.706476939,2.252261552,0.06236295
422862,7.206353399,3.129546175,0.053624004
422863,7.337547463,3.365700647,0.052520278
422864,7.35265737,3.407445737,0.047211397
422865,7.530116949,3.737532905,0.034895041
422866,7.802508041,4.211685212,0.022635905
422867,7.932247671,4.441447859,-0.003091846
422868,7.935408937,4.438449212,-0.014494101
422869,7.946924953,4.43272984,-0.020185889
422870,7.963591735,4.438367728,-0.031378158
422871,7.974264832,4.443710406,-0.043783472
422872,7.98668852,4.452018367,-0.062498221
422873,8.000005196,4.449086512,-0.091482484
422874,8.007744016,4.451232982,-0.115587548
422875,8.014450884,4.455821524,-0.138982997
422876,8.017515904,4.458512695,-0.163519069
422877,8.02088523,4.458440615,-0.189268307
422878,8.020689065,4.459063727,-0.21850795
422879,8.020793131,4.459959921,-0.23536889
422880,8.017206087,4.465096059,-0.254312502
422881,8.011217581,4.474738382,-0.279515876
422882,8.001150633,4.485735581,-0.30863687
422883,7.99153783,4.498304096,-0.336514224
422884,7.986252106,4.506188926,-0.360416835
422885,7.981661775,4.50989383,-0.381008422
422886,7.980066781,4.510714734,-0.398758173
422887,7.978522757,4.513612509,-0.416061542
422888,7.973064233,4.517148629,-0.436111447
422889,7.967914676,4.521319737,-0.458408191
422890,7.962916819,4.52165743,-0.484737188
422891,7.955235599,4.521749571,-0.509368638
422892,7.94881452,4.52383534,-0.530612581
422893,7.9440262,4.526318385,-0.550910478
422894,7.943007902,4.528691462,-0.571208403
422895,7.945986748,4.531902578,-0.5899423
422896,7.948179697,4.539076853,-0.607104415
422897,7.949232449,4.544561187,-0.626612613
422898,7.949561026,4.550077849,-0.642340442
422899,7.946984028,4.55817238,-0.660154813
422900,7.941163635,4.564359015,-0.681543588
422901,7.941126774,4.571421924,-0.694360754
422902,7.93661359,4.577351268,-0.707612802
422903,7.928163751,4.580027267,-0.719556482
422904,7.916963686,4.58297697,-0.733197677
422905,7.904019552,4.58942622,-0.7511875
422906,7.892431091,4.593638614,-0.764077151
422907,7.882781692,4.59914027,-0.780647955
422908,7.875304994,4.604024865,-0.793251509
422909,7.867619731,4.607416648,-0.811024019
422910,7.861094699,4.607953975,-0.825821165
422911,7.857248824,4.608839066,-0.836147493
422912,7.852709648,4.60657388,-0.849342576
422913,7.850848979,4.606373764,-0.861679311
422914,7.851869959,4.602846273,-0.875187282
422915,7.855655146,4.599006802,-0.886150881
422990,8.80862511,4.424863294,1.254411941
422991,8.850305649,4.424867457,1.152269286
422992,9.035746355,4.400345103,1.282291038
422993,8.968298335,4.466738864,1.105627308
422994,8.824222366,4.584166201,0.822489887
422995,8.774822578,4.769910814,0.671948822
422996,8.751974145,4.783637366,0.614557292
422997,8.81355818,4.662659223,0.522332875
422998,8.727354775,4.706764247,0.463805988
422999,8.781693501,4.604903613,0.307419003
423000,8.847905369,4.593724833,0.384311009
423001,8.946949072,4.581029144,0.621351325
423002,8.94771032,4.594504875,0.707697398
423003,8.903714497,4.575007062,0.728357562
423004,8.945529305,4.592721695,0.807390651
423005,9.001586404,4.613379082,0.971525801
423006,8.996433277,4.602131995,1.082693403
423007,9.008999083,4.613127147,1.129637293
423008,8.97643552,4.645719622,1.050689552
423009,8.997351955,4.629738784,1.033152746
423010,8.968208327,4.673279698,0.992989341
423011,8.99906593,4.667761391,0.961922038
423012,9.047423924,4.6863355,0.912014531
423013,9.087362768,4.691104048,0.816666006
423014,9.095435857,4.727682628,0.771375145
423015,9.090967433,4.768972637,0.697890095
423016,9.082717048,4.813427782,0.650718955
423017,9.110973751,4.831831371,0.614952691
423018,9.195589017,4.700009274,0.731647292
423019,9.1700805,4.713811434,0.687561455
423020,9.184461234,4.691029093,0.621669389
423021,9.185926303,4.718060311,0.681171831
423022,9.160658351,4.720279614,0.670292578
423023,9.181262983,4.691278947,0.72327006
423024,9.211225121,4.66991106,0.78976698
423025,9.221838108,4.643598665,0.818715845
423026,9.230119398,4.620138056,0.85319231
423027,9.278017055,4.59475275,0.925342353
423028,9.262221295,4.588368164,0.981635778
423029,9.278799374,4.548749043,1.102522222
423030,9.165208821,4.231909991,1.171498602
423031,8.943826349,3.392978593,1.413746507
423032,8.948815957,1.939567978,2.100161228
423033,7.51526966,0.615664805,1.265964922
423034,6.693955824,-1.141611849,1.108580124
423035,6.540944948,-2.732224847,1.693728968
423036,6.760959158,-1.144852362,0.610820993
423037,6.51957528,-1.948141348,0.634067221
423038,6.242698099,-2.418326773,0.577832956
423039,6.176878126,-2.596729409,0.523392011
423040,6.084853014,-2.539663698,0.567283101
423041,5.910555562,-2.613698529,0.761346793
423042,5.87816098,-2.798504883,0.936476913
423043,5.86577463,-2.881559174,1.111629591
423044,5.801493162,-3.089981091,1.196288955
423045,5.661432895,-3.379881531,1.145252168
423046,5.649757255,-3.5401223,1.224014807
423047,5.789093111,-3.654566219,1.134783326
423048,5.781996579,-3.757123927,0.974499901
423049,5.627571788,-3.975115504,0.984304836
423050,5.382282762,-4.319872439,1.078801297
423051,5.058528515,-4.682422075,1.064146115
423052,4.76158505,-4.975608261,1.032609371
423053,4.675048121,-5.038983381,1.056110021
423054,4.62137846,-5.167465765,1.015234353
423055,4.486900456,-5.36195521,1.034527977
423056,4.342002626,-5.388955397,1.023609526
423057,4.219603043,-5.239261012,1.013318111
423058,4.006737359,-5.276572648,0.996989602
423059,3.947165273,-5.271475019,1.034863034
423060,3.976146667,-5.242069832,1.036407023
423061,3.966229828,-5.326928258,1.062271055
423062,4.016328617,-5.464355092,1.139585126
423063,4.156339941,-5.473803191,1.221297733
423064,4.205817575,-5.268035969,1.29491621
423065,4.319376615,-4.628930766,1.350326344
423066,4.442924478,-3.479414845,1.431558232
423067,4.41542301,-2.126860165,1.514575752
423068,4.027914444,-1.253104916,1.528040612
423069,3.617449696,-1.430782554,1.505348995
423070,4.44164763,-2.518884873,1.392162042
423071,7.136585381,-3.314876705,1.256567661
423072,10.5157595,-2.720354333,1.160527299
423073,12.69544576,-1.240577986,1.097828989
423074,13.49624716,0.346504828,1.063638349
423075,13.66610017,1.903823649,1.021369659
423076,13.93514732,3.343655466,0.99643218
423077,14.58266247,4.788213116,0.944501251
423078,15.32322847,5.97983562,0.858181842
423079,16.02309595,6.985578996,0.761493878
423080,16.62841009,7.777378328,0.683541248
423081,16.92563316,8.143128957,0.634701988
423082,17.61821923,8.803587664,0.556819607
423083,18.62320766,9.461255884,0.47307044
423084,19.51757082,10.02883903,0.377519632
423085,20.11793915,10.29586305,0.347980989
423086,20.49858637,10.48529889,0.338527692
423087,20.91270676,10.80599196,0.335548005
423088,21.64843179,11.48614844,0.312515403
423089,22.50099897,12.47459469,0.265431114
423090,23.65567602,13.95934248,0.179907786
423091,24.62811777,15.57984823,0.103173559
423092,25.26423719,17.33152912,0.106856157
423093,25.4696961,19.30510241,0.128477925
423094,25.29553076,20.77995209,0.145602786
423095,25.02451305,21.53431433,0.153001107
423096,24.47296601,22.43797194,0.16806981
423097,23.58355337,23.37758097,0.192857203
423098,22.5009792,24.2335625,0.192559074
423099,21.37802495,24.8794062,0.198926634
423100,20.44525599,25.29461461,0.193871658
423101,20.26469812,25.84689004,0.142288056
423102,20.47974682,26.69196189,0.06876006
423103,20.94011967,27.60987573,-0.005063359
423104,21.98349327,28.38363125,-0.098867581
423105,22.63302795,29.02254234,-0.164988073
423106,22.79573589,29.37967402,-0.19295887
423107,22.64170368,29.34054958,-0.202167794
423108,22.13376864,28.9240795,-0.212364283
423109,21.41539897,28.06499474,-0.23615106
423110,20.77395519,26.79942079,-0.236028479
423111,20.174291,25.55048383,-0.217513515
423112,19.68610425,24.61144239,-0.206458999
423113,19.24216507,23.72594232,-0.211414778
423114,18.98798506,23.19340907,-0.214226385
423115,18.7958651,22.83962028,-0.204701271
423116,18.66203566,22.5857153,-0.212896481
423117,18.5303243,22.32572068,-0.210189617
423118,18.35422522,21.97734985,-0.204345155
423119,18.26224622,21.79975127,-0.202624806
423120,18.24151163,21.77663503,-0.204957187
423121,18.22755088,21.79244715,-0.216106757
423122,18.21083461,21.80716314,-0.222468964
423123,18.20248113,21.81375704,-0.227309502
423124,18.20167377,21.81294172,-0.231707895
423125,18.20048263,21.80748717,-0.231273325
423126,18.19838553,21.80529297,-0.225639128
423127,18.1917363,21.80884189,-0.225287974
423128,18.18308447,21.81881859,-0.218039479
423129,18.17553485,21.83092488,-0.21415923
423130,18.16532913,21.84255245,-0.209542815
423131,18.15490382,21.85466061,-0.207466986
423132,18.14449748,21.86421784,-0.200916673
423133,18.13797329,21.8754662,-0.199443599
423134,18.13369986,21.88435814,-0.198199537
423135,18.12810902,21.89216004,-0.198656895
423136,18.1203763,21.89636675,-0.194975514
423137,18.11291892,21.89534004,-0.19148133
423138,18.10492369,21.89353789,-0.190092893
423139,18.09433114,21.89517069,-0.186091202
423140,18.08245143,21.90110581,-0.178419555
423141,18.07872561,21.90990406,-0.176698644
423142,18.08438972,21.91588097,-0.175534801
423143,18.09140663,21.91695323,-0.172967421
423144,18.09167146,21.91880092,-0.168435455
423145,18.08041569,21.91968235,-0.166406059
423146,18.06984306,21.9174903,-0.165616606
423147,18.05959905,21.9155968,-0.161264212
423148,18.05649481,21.90880204,-0.161695701
423149,18.05591804,21.9024485,-0.16093696
423150,18.04970334,21.89310208,-0.158862372
423151,18.04136077,21.89118605,-0.157432036
423152,18.02886574,21.89446474,-0.154788345
423153,18.01649539,21.89891393,-0.148249793
423154,17.99993103,21.88462712,-0.146255719
423155,17.96830479,21.83205636,-0.136958931
423156,17.96570895,21.82399749,-0.136539796
423157,17.9637895,21.81589617,-0.132920119
423158,17.95812873,21.8160065,-0.127526159
423159,17.95679913,21.82203466,-0.128544354
423160,18.00380908,21.9429096,-0.126587892
423161,18.05575454,22.0867071,-0.126702583
423162,18.18969376,22.38660207,-0.120123297
423163,18.48997291,22.96390303,-0.118012204
423164,18.91212291,23.57467826,-0.100734338
423165,19.2042919,23.92944748,-0.081094381
423166,19.30729745,23.96250821,-0.030199011
423167,19.3086091,23.87248342,0.063046262
423168,19.20798976,23.60762682,0.120506391
423169,19.04157485,23.27872025,0.177115592
423170,18.91653866,23.00269953,0.213983251
423171,18.90457379,22.97023715,0.230929621
423172,18.92690847,23.1090723,0.256273824
423173,18.97215726,23.31949219,0.246152455
423174,19.09899818,23.62106927,0.221959612
423175,19.25620529,23.97990932,0.200004757
423176,19.33537429,24.26113525,0.194268426
423177,19.33524446,24.3686959,0.205378738
423178,19.26020347,24.33912048,0.203770353
423179,19.19549362,24.32602936,0.227789703
423180,19.12456303,24.34211718,0.233625973
423181,19.04270518,24.29486443,0.217276789
423182,18.88035078,24.19348628,0.224888745
423183,18.73719749,24.12163734,0.254543785
423184,18.62655874,24.10220306,0.247973441
423185,18.55907611,24.10446711,0.225454908
423186,18.62232728,24.17232066,0.207028877
423187,18.80329843,24.3194483,0.198700056
423188,18.9738932,24.53648883,0.210866591
423189,19.14897948,24.71118651,0.20594828
423190,19.26792432,24.83759683,0.198028727
423191,19.36530105,24.95650505,0.185912318
423192,19.40872115,25.0225712,0.167186186
423193,19.43143444,25.03391374,0.201832725
423194,19.45293075,25.0880323,0.258961087
423195,19.44046149,25.12141343,0.264281103
423196,19.50913379,25.11141091,0.230605114
423197,19.70074233,25.0822714,0.234327024
423198,19.85889744,24.9950995,0.241647934
423199,19.99298567,24.99297309,0.254816567
423200,20.03422667,25.0998879,0.239612095
423201,19.98052249,25.29754344,0.255470685
423202,19.92745898,25.40368572,0.308385564
423203,19.92391263,25.46082422,0.338028722
423204,19.90613552,25.52336883,0.340473447
423205,19.88157635,25.5306804,0.360849281
423206,19.91984684,25.58035095,0.361225975
423207,20.05844049,25.70634023,0.311288907
423208,20.22784727,25.85847867,0.286426229
423209,20.4145749,26.05377358,0.264662131
423210,20.60931319,26.24947711,0.238651804
423211,20.73772993,26.38961353,0.226944605
423212,20.77038315,26.47950721,0.207869932
423213,20.76180517,26.52826257,0.153298453
423214,20.76614554,26.64839009,0.165039859
423215,20.74572125,26.7363115,0.18154084
423216,20.7310988,26.8123857,0.189504142
423217,20.67025885,26.75162336,0.201255712
423218,20.57211732,26.50336889,0.218178957
423219,20.53249633,26.26081791,0.207651745
423220,20.47950792,26.00566813,0.220192492
423221,20.35051856,25.62762799,0.249348748
423222,20.15677108,25.16219012,0.26662971
423223,19.97260638,24.71847744,0.265880707
423224,19.76256131,24.22889081,0.244575812
423225,19.48455594,23.53007024,0.261111407
423226,19.23423067,22.81913917,0.254933367
423227,19.17190171,22.22281329,0.250543959
423228,19.24955214,21.88304381,0.22783444
423229,19.27632526,21.47808227,0.236443267
423230,19.20919739,21.04134085,0.244873774
423231,19.20965974,20.99457182,0.287049792
423232,19.15069928,21.8027228,0.283809507
423233,18.67263374,23.09507197,0.289642277
423234,17.50347244,24.4948373,0.290940442
423235,15.53342014,25.25109254,0.246490981
423236,13.29564328,24.58629,0.215920814
423237,11.66964628,22.69114278,0.177493277
423238,11.01406733,20.49203475,0.201460068
423239,10.59142513,18.30059709,0.234372702
423240,10.03530807,16.28780555,0.298871771
423241,9.506629677,14.75907548,0.348880262
423242,9.164966873,13.96821759,0.353945345
423243,9.119890878,13.84998458,0.353363591
423244,9.11954601,13.85360353,0.344620403
423245,9.107195918,13.85291439,0.334648942
423246,9.09339118,13.84969505,0.323754293
423247,9.08279927,13.84451836,0.311417593
423248,9.082018729,13.8401918,0.301442083
423249,9.092720869,13.83678703,0.299595573
423250,9.10678945,13.83465159,0.29539538
423251,9.114005655,13.8351071,0.285034593
423252,9.10922419,13.8369501,0.273468529
423253,9.097771023,13.83550336,0.260891566
423254,9.09352441,13.83478797,0.253384258
423255,9.098683343,13.83248407,0.245384713
423256,9.103593788,13.82783781,0.231655453
423257,9.100021163,13.82183836,0.225273374
423258,9.08860225,13.81506426,0.214988941
423259,9.070125994,13.81138277,0.200703043
423260,9.049442454,13.80935009,0.185825932
423261,9.035333095,13.8067813,0.170433748
423262,9.02503697,13.8038366,0.158680728
423263,9.01828674,13.79977825,0.146649166
423264,9.010448415,13.80092242,0.13565151
423265,9.005887192,13.80168006,0.125954609
423266,9.011067978,13.82264204,0.115033496
423267,9.023125082,13.85499654,0.110284715
423268,8.939415721,13.68635057,0.107371604
423269,8.736605166,13.29190495,0.102654663
423270,8.427957947,12.68389021,0.120055912
423271,8.035369685,11.86442577,0.130220944
423272,7.615896894,10.96640126,0.142162133
423273,7.252952703,10.24432046,0.153053429
423274,6.889475936,9.55602916,0.156632589
423275,6.451291355,8.773789034,0.141301051
423276,5.885652383,7.73345667,0.151897549
423277,5.174888138,6.436144286,0.151884995
423278,4.577420224,5.313907073,0.135532519
423279,4.195284576,4.59904163,0.12240594
423280,3.902285542,4.068843561,0.110994869
423281,3.576278375,3.462396027,0.105613424
423282,3.152352473,2.69409522,0.096861068
423283,2.600993598,1.691690302,0.101326685
423284,2.000689117,0.456189213,0.118841695
423285,1.577108463,-1.024728962,0.153664404
423286,1.716828349,-2.6566659,0.20198935
423287,2.473466536,-4.171866359,0.272343945
423288,3.816350997,-5.318911292,0.295974172
423289,5.505436628,-5.853458671,0.309596895
423290,7.144795568,-5.702859787,0.341935025
423291,8.025921279,-5.311314278,0.374092119
423292,7.990087616,-5.296083136,0.374470487
423293,8.101065119,-5.320354166,0.369784366
423294,7.939105247,-5.381216087,0.346953784
423295,7.512120426,-5.495985927,0.308545598
423296,6.684399515,-5.75691938,0.26657562
423297,5.852224076,-6.20372179,0.23498161
423298,5.514610066,-6.447110345,0.212767053
423299,5.474550801,-6.468499406,0.219934843
423300,5.63225313,-6.249847782,0.231553573
423301,5.919138754,-5.488206046,0.243342843
423302,6.337072745,-3.961512759,0.267797015
423303,6.670909833,-2.358014007,0.206915586
423304,7.04179895,-0.91757909,0.128612637
423305,7.380936878,0.43225342,0.069988346
423306,7.761568918,1.678989216,0.04370639
423307,8.127066618,2.748867443,0.007262267
423308,8.285376369,3.208818351,0.001076089
423309,8.268612111,3.219869048,-0.006877131
423310,8.249598255,3.208652473,-0.017226459
423311,8.23508709,3.198470094,-0.026015597
423312,8.220088045,3.18809197,-0.036288641
423313,8.205308419,3.181443594,-0.042590503
423314,8.197472071,3.182063978,-0.042083043
423315,8.201227011,3.183580857,-0.042701039
423316,8.21027569,3.180974512,-0.0441508
423317,8.222637071,3.182662808,-0.038779818
423318,8.227253577,3.185610263,-0.037616332
423319,8.224625155,3.190950268,-0.036639626
423320,8.217511146,3.192451421,-0.036822626
423321,8.203399639,3.193797434,-0.034007193
423322,8.189820666,3.195042156,-0.034544888
423323,8.177496827,3.198349394,-0.036085815
423324,8.169599368,3.204026254,-0.037161349
423325,8.16200304,3.211962396,-0.042776327
423326,8.158362515,3.215805859,-0.049135309
423327,8.154568355,3.22559719,-0.056115944
423328,8.143849121,3.230670253,-0.0700508
423329,8.138638308,3.23596823,-0.077783014
423330,8.142671081,3.23840782,-0.078408613
423331,8.151000118,3.236059443,-0.077100319
423332,8.156235518,3.23496395,-0.076821926
423333,8.150510308,3.23504778,-0.079019121
423334,8.135821243,3.238754746,-0.084668441
423335,8.123746636,3.250551584,-0.088044047
423336,8.12098051,3.257666805,-0.084007917
423337,8.128595975,3.25705905,-0.073494721
423338,8.134164217,3.254332093,-0.071717208
423339,8.131441033,3.256780426,-0.070958008
423340,8.12853694,3.260933504,-0.067421662
423341,8.120623496,3.262644024,-0.068146331
423342,8.105352086,3.267792025,-0.076267533
423343,8.096093997,3.26539161,-0.078701248
423344,8.067550131,3.21842969,-0.080533016
423345,8.005223035,3.097405585,-0.075118128
423346,7.807456008,2.736070478,-0.074353324
423347,7.524907746,2.300541379,-0.076102902
423348,7.171742234,1.69324763,-0.085626056
423349,6.715529862,0.859757928,-0.084277664
423350,6.301620693,0.136602719,-0.073459246
423351,5.955603505,-0.455992189,-0.074693182
423352,5.6673235,-0.876653549,-0.103904705
423353,5.470139812,-1.117557246,-0.088404813
423354,5.331176882,-1.464609688,-0.073415765
423355,5.360505519,-1.613134963,-0.091497064
423356,5.412236762,-1.671932354,-0.11373817
423357,5.388565606,-1.88437589,-0.114452643
423358,5.372664527,-2.010764436,-0.107032103
423359,5.301060094,-2.044913981,-0.08821027
423360,5.125634164,-2.335987254,-0.095731775
423361,4.952299486,-2.783006318,-0.1116393
423362,4.961891684,-2.978725148,-0.081681024
423363,5.082581117,-2.839100178,-0.103471274
423364,5.227682157,-2.52616938,-0.144527821
423365,5.293811652,-2.308661754,-0.132005173
423366,5.361104968,-2.209548132,-0.146097434
423367,5.437659775,-2.176279775,-0.122925999
423368,5.494364604,-2.163876008,-0.102852636
423369,5.561070565,-2.111929088,-0.126276921
423370,5.61660912,-1.988586262,-0.142370498
423371,5.675287672,-1.845405082,-0.159249037
423372,5.651211478,-1.794631444,-0.138322889
423373,5.671858112,-1.758795902,-0.075748561
423374,5.723711988,-1.738020063,-0.02463421
423375,5.681208886,-1.873460608,-0.035189983
423376,5.636920207,-2.050842802,-0.073659659
423377,5.589915647,-2.150668282,-0.100609938
423378,5.646195967,-2.017592252,-0.104613621
423379,5.550620352,-1.699400228,-0.091576566
423380,5.502873545,-1.444370952,-0.046567092
423381,5.431640795,-1.4683641,-0.033055433
423382,5.40584796,-1.645651213,-0.020607086
423383,5.439506164,-1.81868928,-0.068408172
423384,5.493516435,-1.796413691,-0.063714591
423385,5.497199633,-1.720089093,-0.036324877
423386,5.390315315,-1.861538791,-0.006762814
423387,5.218942827,-2.209718309,0.020031577
423388,5.011053924,-2.555304804,-0.016956223
423389,4.738962902,-2.799904709,-0.033901326
423390,4.627732444,-3.058432241,0.030935954
423391,4.588524176,-3.242645973,0.051625166
423392,4.570994857,-3.290402241,0.069055416
423393,4.554466098,-3.193197129,0.074110226
423394,4.458215692,-3.112886688,0.054868314
423395,4.36469301,-3.040999537,0.079781148
423396,4.398263964,-2.951120758,0.103581459
423397,4.454178402,-2.848088618,0.096533234
423398,4.405141821,-2.853959617,0.097985849
423399,4.268343559,-3.073501156,0.129063089
423400,4.221289733,-3.284722191,0.11431486
423401,4.269366795,-3.416769627,0.135940452
423402,4.310042172,-3.482659448,0.160049085
423403,4.361874705,-3.559719277,0.196795185
423404,4.425415587,-3.668204806,0.272632556
423405,4.530456931,-3.7426591,0.314582321
423406,4.748774197,-3.547320554,0.350368516
423407,5.191278371,-2.88399783,0.421995956
423408,5.717998505,-1.944447755,0.448982001
423409,6.083542636,-1.26277083,0.505135016
423410,6.194782977,-1.16458216,0.53587327
423411,6.328908506,-1.760850915,0.545483115
423412,7.076785867,-2.904074216,0.499457604
423413,8.961029232,-4.463733269,0.363864231
423414,11.79925784,-6.535281569,0.279350317
423415,14.83664572,-8.97211914,0.313652498
423416,18.21588449,-10.57076696,0.199278206
423417,22.26598452,-10.71619395,-0.007610645
423418,26.52245815,-9.293497302,-0.214285657
423419,30.05015557,-6.805539266,-0.316069672
423420,32.21778036,-3.869168682,-0.34983801
423421,32.65600093,-0.59780559,-0.363728784
423422,31.40121931,2.300759425,-0.452399766
423423,28.99071798,4.614959989,-0.524055684
423424,26.4515937,6.323263708,-0.464412216
423425,24.68687641,7.43340094,-0.408702166
423426,23.5603468,7.983129804,-0.394103122
423427,22.46820125,8.3976166,-0.376738931
423428,21.88792377,8.616028704,-0.358098035
423429,21.89861837,8.627425461,-0.354618293
423430,21.87905576,8.643053614,-0.353194589
423431,21.86802028,8.65063982,-0.3559713
423432,21.86382779,8.648368028,-0.357493531
423433,21.86001108,8.641381705,-0.352504348
423434,21.85319856,8.638679541,-0.348018438
423435,21.84796956,8.636579758,-0.345863257
423436,21.84695334,8.634205769,-0.34808735
423437,21.84726036,8.631038879,-0.346916421
423438,21.84832969,8.624923412,-0.341148969
423439,21.85270801,8.621105253,-0.341191149
423440,21.85457896,8.616982684,-0.341702577
423441,21.85967225,8.615263155,-0.344456889
423442,21.86729979,8.616522215,-0.349579927
423443,21.87217953,8.616261352,-0.353158123
423444,21.8774914,8.61645789,-0.35722075
423445,21.87974438,8.610021151,-0.359208618
423446,21.88489207,8.600102268,-0.360098048
423447,21.88885152,8.593245442,-0.361593817
423448,21.89036162,8.587460624,-0.360846485
423449,21.89199691,8.583389221,-0.365134439
423450,21.89398552,8.579042458,-0.367503611
423451,21.89368926,8.573924561,-0.367877749
423452,21.89289512,8.572203606,-0.367427709
423453,21.89587484,8.571556136,-0.371627707
423454,21.9894308,8.555082794,-0.370998994
423455,22.30945265,8.51330755,-0.36929206
423456,22.84053918,8.485059236,-0.370640725
423457,23.54356661,8.447521324,-0.36759673
423458,24.20091301,8.465221824,-0.364975409
423459,24.78503084,8.494682154,-0.365106801
423460,25.24061617,8.511252505,-0.344700216
423461,25.84096912,8.483628035,-0.332400439
423462,26.02950957,8.495107173,-0.350137972
423463,25.62343965,8.579041414,-0.357248794
423464,25.27301148,8.635069551,-0.348594479
423465,25.04071152,8.673413875,-0.329866039
423466,24.91917109,8.686312686,-0.326519712
423467,24.91156024,8.648075298,-0.304286111
423468,24.99714527,8.577192222,-0.328056113
423469,25.18306529,8.449192281,-0.342102594
423470,25.43624249,8.246674723,-0.345724743
423471,25.72130323,8.039360512,-0.305344989
423472,25.89092684,7.839555194,-0.304313313
423473,26.04441183,7.645137629,-0.315740173
423474,26.08916289,7.458508439,-0.315455081
423475,26.12425118,7.224947432,-0.317942417
423476,26.1464298,6.877983862,-0.296892713
423477,26.26441424,6.389681966,-0.332321918
423478,26.48515369,5.661424725,-0.358402907
423479,26.7259591,4.875810279,-0.382870953
423480,27.09212304,4.226334031,-0.37468953
423481,27.59934612,3.987294974,-0.353021218
423482,27.80971195,4.241483525,-0.318676346
423483,27.82491927,4.751299788,-0.308104876
423484,27.81407378,5.335852012,-0.302326839
423485,27.64712333,5.94123026,-0.327734369
423486,27.50795003,6.379798078,-0.324737579
423487,27.40359147,6.660997956,-0.320725476
423488,27.3663199,6.836452117,-0.306940403
423489,27.35759573,6.906999716,-0.295833084
423490,27.3793173,6.907399773,-0.314279628
423491,27.40169695,6.895270539,-0.337407699
423492,27.39852732,6.850036475,-0.34414599
423493,27.47512096,6.785655188,-0.336703995
423494,27.58542173,6.748365466,-0.342871716
423495,27.58112573,6.806639421,-0.352231366
423496,27.57008792,6.826820064,-0.361482824
423497,27.57163424,6.818743839,-0.376282809
423498,27.55959538,6.81671043,-0.398226549
423499,27.55794056,6.805375773,-0.460629504
423500,27.48289667,6.755750605,-0.513542165
423501,27.14717627,6.737864431,-0.563634138
423502,26.57362921,6.782208291,-0.61977635
423503,25.88260665,6.781716571,-0.588224284
423504,25.24258836,6.760157176,-0.55754523
423505,24.12356274,6.968577407,-0.53632565
423506,22.96009405,7.319105082,-0.48450126
423507,22.00030506,7.619854943,-0.440583517
423508,21.53406573,7.772743079,-0.421445505
423509,21.50770634,7.784474143,-0.429947029
423510,21.51142819,7.792543499,-0.438857697
423511,21.51278399,7.798675855,-0.441722143
423512,21.5096509,7.807298755,-0.442976486
423513,21.50454799,7.813821611,-0.447591681
423514,21.50273735,7.817972726,-0.450440921
423515,21.50452006,7.822073113,-0.448579111
423516,21.50493175,7.822502007,-0.447507167
423517,21.50533851,7.821523146,-0.447064751
423518,21.50603025,7.817398344,-0.446695053
423519,21.51022165,7.812122607,-0.444063422
423520,21.51520367,7.806588752,-0.447005094
423521,21.51791086,7.802739659,-0.449641405
423522,21.51860486,7.799277338,-0.449840031
423523,21.52150082,7.797127457,-0.452708904
423524,21.52263115,7.802292683,-0.44835216
423525,21.52523084,7.807915665,-0.442404695
423526,21.5299735,7.811951252,-0.442602871
423527,21.53171022,7.809963097,-0.440470632
423528,21.53407678,7.8098926,-0.440405836
423529,21.54473894,7.806051749,-0.439517568
423530,21.58565514,7.79791448,-0.434613565
423531,21.67437307,7.76937061,-0.440244743
423532,21.864167,7.699970589,-0.444401583
423533,22.02478354,7.624560366,-0.454619875
423534,21.64454604,7.745038568,-0.430863261
423535,21.16016325,7.900590506,-0.410305449
423536,20.81958803,8.020111669,-0.404505223
423537,20.65971606,8.07503807,-0.395658606
423538,20.63621183,8.085854278,-0.387818034
423539,20.6426259,8.078967311,-0.395940179
423540,20.64514626,8.072618427,-0.393060602
423541,20.64545662,8.064168669,-0.39007812
423542,20.64601372,8.058139474,-0.383349443
423543,20.64890852,8.057024468,-0.378806302
423544,20.65461755,8.058875192,-0.37746737
423545,20.6585411,8.06120052,-0.372012295
423546,20.65813184,8.060025405,-0.371405832
423547,20.65450192,8.055046955,-0.366778867
423548,20.6524186,8.05223548,-0.363933252
423549,20.65249012,8.046701371,-0.360916238
423550,20.65406729,8.038980731,-0.36230158
423551,20.65770072,8.032282408,-0.359776832
423552,20.67658111,8.020292696,-0.354739008
423553,20.72935594,7.987305786,-0.348685115
423554,21.01120503,7.793464606,-0.342103725
423555,21.33302913,7.608562669,-0.341615273
423556,21.19169272,7.655720725,-0.339335474
423557,20.82929846,7.791576935,-0.31804967
423558,20.64749807,7.860194091,-0.302499082
423559,20.59908854,7.856682209,-0.291282917
423560,20.59422873,7.841138745,-0.276856723
423561,20.59455386,7.834361125,-0.256376107
423562,20.59931098,7.828818969,-0.236822487
423563,20.63626429,7.815495314,-0.229034861
423564,20.71610789,7.788389022,-0.228051054
423565,20.81528748,7.746523682,-0.227698285
423566,21.24495488,7.638553484,-0.236751382
423567,22.34264963,7.601374285,-0.286494433
423568,23.74290013,8.329684987,-0.365660704
423569,24.51146375,10.5143929,-0.414718583
423570,23.71172229,13.37293067,-0.368099086
423571,21.81687977,15.34587072,-0.280038303
423572,19.99129049,16.3169612,-0.18574139
423573,18.51652772,16.74837894,-0.139649354
423574,17.21590753,16.9407851,-0.095520664
423575,16.18695305,16.94495686,-0.058179893
423576,15.14411017,17.01787437,-0.019880283
423577,14.00902459,17.26789803,0.03532958
423578,12.76398651,17.7838298,0.105022627
423579,11.27431012,18.49039238,0.171454928
423580,9.841533922,19.07733725,0.230846328
423581,8.873830005,19.44499088,0.26561218
423582,8.179007888,19.73669483,0.29582571
423583,7.904276388,19.86139015,0.308731771
423584,7.819779214,19.91428925,0.307345435
423585,7.814515292,19.92400403,0.310626904
423586,7.772223816,19.94588443,0.314669361
423587,7.715784592,19.97565527,0.308638146
423588,7.451535932,20.06957984,0.316006646
423589,7.459561153,20.05918106,0.317409507
423590,7.544201906,20.02536184,0.3229476
423591,7.44027844,20.0546226,0.334881007
423592,6.693140512,20.32137282,0.362076732
423593,5.48588837,20.69819342,0.418978418
423594,4.015886451,21.0788552,0.47791271
423595,2.429907199,21.46750639,0.52736689
423596,1.111751318,21.8140994,0.528333558
423597,0.207702118,22.04759547,0.521339123
423598,-0.226508096,22.14479514,0.540590923
423599,-0.732162187,22.35146368,0.586136215
423600,-1.764414692,22.83099323,0.63071203
423601,-3.363476297,23.86482664,0.712483824
423602,-5.16442608,25.98447687,0.816650563
423603,-6.22281063,29.70329596,0.890946196
423604,-6.080039733,34.73600684,0.910440762
423605,-5.20213032,40.88830807,0.925652996
423606,-3.885316666,48.01237853,0.869676807
423607,-2.280157192,56.06344963,0.84552813
423608,-0.442184002,64.7274223,0.782252525
423609,1.578960239,74.12824112,0.74684638
423610,3.708846437,84.07150465,0.695349683
423611,5.941528419,94.33119073,0.642890331
423612,8.224274822,104.9870589,0.57843083
423613,10.44822273,115.9184536,0.464161479
423614,12.50298664,126.9857443,0.395349571
423615,14.38454113,138.3870245,0.387734427
423616,16.0746741,149.9713459,0.317333851
423617,17.43093307,161.4197294,0.251126505
423618,18.46475948,172.6277241,0.191908729
423619,19.09775385,183.4206054,0.12378312
423620,19.43967321,193.8160322,0.078156874
423621,19.43840951,203.8346333,0.043110256
423622,19.2781158,213.5429532,-0.068006802
423623,18.94954374,222.8533995,-0.157975487
423624,18.44743992,231.7075643,-0.262944292
423625,17.86512777,239.8495082,-0.347799958
423626,17.28704335,247.0547287,-0.462040624
423627,16.74019743,253.6185986,-0.577660402
423628,16.18008998,259.5342022,-0.733586141
423629,15.37753079,264.7921129,-0.893770398
423630,14.01266527,269.4434755,-1.006332976
423631,11.42087152,273.2905724,-1.103447095
423632,7.334366021,276.2486132,-1.161910778
423633,2.495468259,277.6052853,-1.287573817
423634,-2.133637321,277.9371665,-1.416906855
423635,-6.494865887,278.3091428,-1.452367297
423636,-10.76908776,279.0833864,-1.409736185
423637,-14.97035175,280.2088648,-1.355459581
423638,-18.7189448,281.6902424,-1.27985097
423639,-21.80811708,282.8623301,-1.206568195
423640,-24.79067404,283.2528958,-1.221084328
423641,-27.65706771,282.6113359,-1.203128032
423642,-29.85865012,281.0556601,-1.13168699
423643,-30.54256814,280.1767705,-1.07810097
423644,-30.50907585,280.1479376,-1.073214457
423645,-30.50918587,280.1683891,-1.077370066
423646,-30.26499553,280.3809551,-1.073336347
423647,-29.54661748,281.1711569,-1.085032096
423648,-28.97453437,282.2245044,-1.107553494
423649,-28.69889287,283.3696956,-1.145020532
423650,-28.6747823,284.1674969,-1.175031595
423651,-28.65873829,284.2482464,-1.173889914
423652,-28.68495878,284.2767453,-1.175339057
423653,-28.55311137,283.9764999,-1.172768016
423654,-28.10179711,283.306443,-1.174548388
423655,-26.71342423,282.0613921,-1.185105191
423656,-24.19533569,280.5634543,-1.213553552
423657,-20.71111554,279.2162231,-1.290297777
423658,-16.59034309,278.0575996,-1.395955639
423659,-12.36893325,277.196184,-1.490894488
423660,-8.416866157,276.5450459,-1.507494975
423661,-5.250481877,276.1564632,-1.485815466
423662,-3.683103139,275.9645044,-1.444199646
423663,-3.029021319,275.8917535,-1.423797657
423664,-1.771333111,275.7208418,-1.372149362
423665,0.793929574,275.3281862,-1.280566259
423666,4.282995517,273.9518351,-1.121360192
423667,7.849090386,270.7978855,-0.941270709
423668,10.38390135,265.7393562,-0.880236388
423669,11.92883695,259.0719201,-0.744965737
423670,12.9341823,251.3760639,-0.623566667
423671,13.68672512,242.9929744,-0.426249457
423672,14.29765173,233.8827905,-0.198882624
423673,14.73798657,224.2817977,-0.051384772
423674,14.98777864,214.2120618,0.107344032
423675,14.97419154,204.0083046,0.291700727
423676,14.8799397,193.9796795,0.342606009
423677,14.62160301,183.9462105,0.375193343
423678,14.06495746,173.9518816,0.419438304
423679,13.21949336,163.9342523,0.483879401
423680,12.07461147,153.9811018,0.56990266
423681,10.62000391,144.1619943,0.649064846
423682,8.96734861,134.4024617,0.746540561
423683,7.181780838,124.5427768,0.797948172
423684,5.247061434,114.4824143,0.767062919
423685,3.188697398,104.3973471,0.846703031
423686,1.100181915,94.50853404,0.87202934
423687,-1.049974647,84.85364884,0.95391527
423688,-3.171064971,75.43548689,0.93559636
423689,-5.246111627,66.34513979,0.809891633
423690,-7.317506969,57.93459995,0.756817606
423691,-9.221775522,50.73349248,0.769812944
423692,-10.81152046,44.89412358,0.811413148
423693,-12.03612929,40.43241578,0.835841521
423694,-12.84659971,37.36987384,0.832334018
423695,-13.28999534,35.70234218,0.8261084
423696,-13.51659876,34.84740228,0.847442708
423697,-13.65835945,34.20090259,0.825096942
423698,-13.75510406,33.63584288,0.713743993
423699,-13.8370901,33.12127966,0.601894764
423700,-14.0192647,32.36196255,0.574266068
423701,-14.32965447,31.09664572,0.594153191
423702,-14.45752897,28.81358507,0.573470072
423703,-13.54521489,25.45122986,0.535443678
423704,-11.20793981,21.96724581,0.481940522
423705,-8.223494684,19.27654724,0.368109357
423706,-5.261139004,17.60527759,0.173625287
423707,-2.881106228,16.64594067,0.100650993
423708,-1.601244267,16.2200568,0.074928996
423709,-1.007789525,16.07098578,0.068898444
423710,-0.837468842,16.02343782,0.067711841
423711,-0.85432393,16.03247414,0.061025781
423712,-0.835010855,16.01810716,0.069252552
423713,-0.736854454,15.9819942,0.072230489
423714,-0.566816422,15.93140718,0.061087311
423715,-0.325803797,15.85665454,0.051840287
423716,-0.07679879,15.77590288,0.046147928
423717,-0.169478321,15.78209115,0.059200715
423718,-0.58454293,15.89935663,0.087619893
423719,-1.251156212,16.04585773,0.078014585
423720,-1.818265978,16.03070111,0.051319915
423721,-2.406727223,15.85938635,0.020383449
423722,-2.855029675,15.68542278,0.009374065
423723,-3.35500169,15.6520773,0.024345357
423724,-3.876293837,15.82014182,0.001812807
423725,-4.217271414,16.0173302,9.38594E-05
423726,-4.439455402,16.25233444,-0.091851088
423727,-4.692275444,16.46164723,-0.178747009
423728,-4.795693047,16.62100348,-0.214883962
423729,-4.860989632,16.75785767,-0.257603669
423730,-4.667824445,16.75649354,-0.248649266
423731,-4.448204844,16.80580901,-0.21860775
423732,-4.321293014,16.8879077,-0.234025501
423733,-4.238238632,17.03301119,-0.229414593
423734,-4.126683708,17.2625882,-0.216772185
423735,-4.090928535,17.64788764,-0.210663793
423736,-4.203481389,18.1658621,-0.192115665
423737,-4.350840022,18.71649916,-0.186687674
423738,-4.492072543,19.25993876,-0.179189306
423739,-4.612167975,19.80764584,-0.167388465
423740,-4.54872319,20.41551115,-0.164509438
423741,-4.222514553,21.067424,-0.185000482
423742,-3.836463721,21.79094638,-0.223107829
423743,-3.715297746,21.95186904,-0.243327256
423744,-4.111486109,19.92716714,-0.217712749
423745,-4.220370693,19.70459038,-0.257306434
423746,-4.224153236,19.83533718,-0.243629196
423747,-4.146849971,19.72470423,-0.21600361
423748,-4.176652162,19.39500573,-0.223910066
423749,-4.191087268,18.93931072,-0.257219271
423750,-4.120159064,18.38014446,-0.282013672
423751,-4.252870756,17.9865185,-0.313848672
423752,-4.600458276,17.75212729,-0.288798541
423753,-5.01628301,17.6185212,-0.272309637
423754,-5.564849126,17.60779718,-0.247343971
423755,-6.160557374,17.70144594,-0.209150444
423756,-6.374450694,17.59140358,-0.217393453
423757,-6.357938817,17.34244336,-0.202761775
423758,-6.217218126,17.04373875,-0.224769454
423759,-5.893150705,16.69133854,-0.266261809
423760,-5.448523154,16.37432943,-0.301735191
423761,-4.877427974,16.09909684,-0.290020831
423762,-4.135751611,15.98712295,-0.25752022
423763,-3.112838455,16.20909013,-0.232886234
423764,-1.985895206,16.59171738,-0.240589597
423765,-1.09790264,16.83147951,-0.259226432
423766,-0.37243049,16.64576838,-0.311259849
423767,0.654809541,16.16182158,-0.323892781
423768,2.018065702,15.63222648,-0.3338221
423769,2.844025394,15.35812879,-0.348142257
423770,3.047675858,15.29499937,-0.363965225
423771,3.03613443,15.30624357,-0.365044106
423772,3.028822801,15.30841751,-0.355224954
423773,3.029394134,15.31055843,-0.348468988
423774,3.034090782,15.31008417,-0.342960585
423775,3.037972676,15.31061855,-0.338485906
423776,3.04478683,15.31355539,-0.333801253
423777,3.051873253,15.31453097,-0.330497641
423778,3.055263292,15.31351112,-0.328956551
423779,3.059622282,15.3108102,-0.327823735
423780,3.064423755,15.30885107,-0.330711567
423781,3.070738086,15.30713237,-0.331550883
423782,3.071215606,15.30250519,-0.331322285
423783,3.073969316,15.3000388,-0.328690294
423784,3.074527989,15.29785007,-0.323975469
423785,3.073240579,15.30012089,-0.325207476
423786,3.069045423,15.30237642,-0.324322335
423787,3.065335761,15.299081,-0.326546513
423788,3.062248873,15.29995955,-0.325051093
423789,3.057904857,15.30452667,-0.328068239
423790,3.053231897,15.30688275,-0.321937884
423791,3.049764494,15.30685814,-0.322494841
423792,3.043475202,15.3052602,-0.320007769
423793,3.036031532,15.30319671,-0.318226445
423794,2.857991703,15.3550039,-0.313054808
423795,2.146054135,15.55353017,-0.307276721
423796,0.893101083,15.88252714,-0.285039544
423797,-0.412528672,16.21297564,-0.258374107
423798,-1.578523514,16.239973,-0.229545459
423799,-2.507764194,15.54247633,-0.22102469
423800,-2.770374601,13.95901594,-0.2159707
423801,-2.201289241,11.59612069,-0.230329073
423802,-0.560795767,8.937689347,-0.282333553
423803,2.053217825,6.554982106,-0.317025015
423804,5.298792064,4.894934386,-0.325725103
423805,9.048190171,4.282691524,-0.357249639
423806,12.84949445,4.43655312,-0.408211566
423807,16.07953706,4.937492623,-0.436948727
423808,18.3829556,5.788813351,-0.442935546
423809,19.61587352,6.987421024,-0.406607108
423810,19.84846034,8.000304794,-0.36937123
423811,19.80077137,8.930126616,-0.337680776
423812,19.58763167,9.762054705,-0.311021355
423813,19.66743319,10.23249851,-0.305048429
423814,20.31979365,10.45910762,-0.281034596
423815,21.06743776,10.74795627,-0.259401454
423816,21.65309491,10.93742227,-0.242959872
423817,21.79637294,11.05793752,-0.232585616
423818,21.59093276,11.12115157,-0.217420275
423819,21.40111909,11.14950648,-0.204632983
423820,21.44586755,11.12912193,-0.206427303
423821,21.84120711,11.03795172,-0.195064463
423822,22.17214412,10.98289996,-0.192660409
423823,22.27662977,10.97049476,-0.189315468
423824,22.2643644,10.97937932,-0.193385207
423825,22.16554516,10.99118119,-0.195887363
423826,21.86318423,11.01865483,-0.200106155
423827,21.43817118,11.02343367,-0.200851827
423828,21.0503405,10.98407562,-0.206593575
423829,21.02144205,10.96203575,-0.215639798
423830,21.01369082,10.95255862,-0.20963231
423831,21.00053906,10.94283325,-0.203880436
423832,20.99195097,10.93842614,-0.201317277
423833,20.98960545,10.93451518,-0.198532801
423834,20.99053888,10.92776407,-0.193238424
423835,20.98906063,10.92538589,-0.191464744
423836,21.09724968,10.89281647,-0.186774623
423837,21.39871619,10.73543224,-0.188028927
423838,21.92877018,10.45675013,-0.195258272
423839,22.51355693,10.15709647,-0.204634907
423840,23.24382831,9.838430404,-0.220820003
423841,24.00285734,9.510838086,-0.223717751
423842,24.52435862,9.231524191,-0.212859925
423843,24.86728408,8.936651693,-0.219487578
423844,24.86357,8.75137305,-0.229241269
423845,24.63519785,8.712880656,-0.259703353
423846,24.43859624,8.746828798,-0.268637787
423847,24.28815385,8.823284026,-0.289440465
423848,24.16656465,8.883456341,-0.298197049
423849,24.12572079,8.901380085,-0.280997326
423850,24.15473304,8.894790638,-0.244214705
423851,24.22321452,8.835648691,-0.210945132
423852,24.3732795,8.710354296,-0.211085592
423853,24.6053942,8.521272486,-0.21574728
423854,24.89456681,8.347178434,-0.218337223
423855,25.12310097,8.13767814,-0.185933525
423856,25.14536785,7.922114013,-0.196707908
423857,25.15930819,7.53790503,-0.20846613
423858,25.19076185,7.069177631,-0.223236053
423859,25.32096419,6.649477706,-0.261044571
423860,25.47082201,6.380322644,-0.281536204
423861,25.53882914,6.246165713,-0.2990964
423862,25.39774193,6.210038883,-0.332238919
423863,25.31247866,6.161938953,-0.3141208
423864,25.39048099,6.133041176,-0.314683901
423865,25.63260212,6.12830616,-0.321419723
423866,26.0347805,6.116610837,-0.304522642
423867,26.47760502,6.160398403,-0.327189211
423868,26.71838575,6.277330971,-0.292987142
423869,26.89084784,6.436282349,-0.285827964
423870,27.07440064,6.523076335,-0.279753662
423871,27.17125629,6.599152891,-0.235955327
423872,27.25065615,6.711911894,-0.221515662
423873,27.26241395,6.786742692,-0.221897164
423874,27.17788698,6.890803448,-0.217155035
423875,27.00350571,7.009704718,-0.241321012
423876,26.7566827,7.126832096,-0.243092601
423877,26.5183035,7.235698712,-0.262431077
423878,26.36275786,7.30808951,-0.27758869
423879,26.34768444,7.319891636,-0.303064612
423880,26.51498775,7.293946127,-0.366232721
423881,26.73350261,7.247045975,-0.439070234
423882,26.66108205,7.196524232,-0.491313742
423883,26.43772973,7.129570445,-0.558660567
423884,25.83417848,7.16350082,-0.577821172
423885,25.00481438,7.291402283,-0.570351242
423886,23.82107291,7.573255035,-0.542780809
423887,22.73212127,7.948442887,-0.490280705
423888,22.08259231,8.200138143,-0.454834943
423889,21.99617904,8.230493185,-0.45843559
423890,21.99561977,8.215598258,-0.453187668
423891,21.99252482,8.201132122,-0.451891665
423892,21.9874767,8.192187802,-0.448363608
423893,21.98192966,8.185492395,-0.445590689
423894,22.02337174,8.162469148,-0.441588062
423895,22.27134182,8.069746927,-0.445217882
423896,22.81308234,7.856571855,-0.467960838
423897,23.53486372,7.376126482,-0.500951452
423898,24.19909518,6.910005672,-0.526703729
423899,24.74934205,6.758790823,-0.550120024
423900,25.32426506,7.203265097,-0.554162776
423901,26.06135981,8.609234591,-0.58937982
423902,26.24573988,11.05311075,-0.595472591
423903,25.36169985,13.29407101,-0.539624971
423904,24.0476661,14.632401,-0.47441493
423905,23.11066708,15.29494659,-0.446666167
423906,22.27357536,15.67287457,-0.417815394
423907,21.30790555,15.91144207,-0.37605446
423908,20.40485866,16.02413312,-0.330404923
423909,19.23614513,16.21667578,-0.292490044
423910,17.95622877,16.51260619,-0.23390075
423911,16.98999568,16.77321257,-0.178546307
423912,16.49490255,16.89961305,-0.147292826
423913,16.14216973,16.98361671,-0.133521415
423914,15.71710076,17.11284431,-0.119329023
423915,14.89274502,17.39368626,-0.089219441
423916,13.36361093,17.87012694,-0.030589327
423917,11.26505715,18.44071601,0.02822658
423918,8.980502487,18.91344966,0.102909618
423919,7.020377996,19.32550221,0.158383962
423920,5.539995992,19.7459119,0.218358619
423921,4.062738667,20.21469874,0.258812828
423922,3.02171513,20.50320469,0.278471886
423923,2.487281929,20.66616223,0.287031077
423924,2.298085451,20.71511916,0.298922335
423925,2.299162491,20.70354694,0.296941609
423926,2.293559176,20.70343556,0.291612593
423927,2.293391786,20.70270853,0.290971657
423928,2.298364622,20.70689038,0.293199613
423929,2.298266334,20.70861588,0.293150151
423930,1.948887189,20.82710892,0.304970525
423931,0.960658818,21.18445357,0.333491432
423932,-0.84364787,22.08676061,0.405328878
423933,-3.144256201,24.22548936,0.521964741
423934,-4.729258505,28.00612467,0.656627081
423935,-4.841805089,33.19321296,0.704974919
423936,-3.950495678,39.36316319,0.724784255
423937,-2.70602183,45.83080346,0.659728807
423938,-1.446634854,52.09884247,0.608515252
423939,-0.741247875,57.61948451,0.599842745
423940,-1.799205968,62.35661183,0.613825232
423941,-4.465529384,66.14801511,0.669647763
423942,-7.803373353,68.90578987,0.740811565
423943,-11.04711016,70.15486305,0.802045065
423944,-13.47782088,69.78301483,0.845192581
423945,-15.11032903,68.63403953,0.869906531
423946,-16.1130885,67.08605946,0.875695675
423947,-16.41995108,65.86517736,0.876677644
423948,-16.34773164,65.7687642,0.863842782
423949,-16.34556778,65.89677939,0.867209987
423950,-16.25403855,66.32419546,0.873673496
423951,-16.00638361,67.14333201,0.868506579
423952,-15.64962685,68.23973171,0.867421861
423953,-15.28091101,69.62233708,0.865013707
423954,-15.01740237,71.0237675,0.847839866
423955,-14.89237275,72.12493564,0.817145478
423956,-14.8675359,72.3574631,0.814386721
423957,-14.85310204,72.33284776,0.810901517
423958,-14.79278016,72.03565595,0.79898508
423959,-14.54343396,71.29087398,0.79940547
423960,-13.79096013,70.11854948,0.798544737
423961,-12.6198582,69.18848854,0.795887957
423962,-11.49820218,68.67179322,0.780758089
423963,-11.2889191,68.6119379,0.781308148
423964,-11.26453168,68.62119769,0.767476106
423965,-11.22728502,68.62831406,0.75220158
423966,-11.22089961,68.63594998,0.748955698
423967,-11.12204428,68.60635982,0.742332055
423968,-11.09661796,68.61297958,0.725741768
423969,-11.08718848,68.61692329,0.718272666
423970,-11.07960145,68.62282468,0.716781375
423971,-11.07482406,68.62495449,0.715530188
423972,-11.07027515,68.62341386,0.717540314
423973,-11.06516826,68.62316325,0.717227335
423974,-11.05895502,68.62307901,0.717688708
423975,-11.0563283,68.62394651,0.715468521
423976,-11.05332012,68.62980107,0.709655257
423977,-11.05305841,68.63183888,0.708778006
423978,-11.0487427,68.63764859,0.706466605
423979,-10.8234945,68.55656639,0.698511585
423980,-10.13023552,68.32820176,0.693510948
423981,-8.613065592,67.74038443,0.67829247
423982,-6.798978623,66.31230544,0.641559788
423983,-5.424605349,63.77844353,0.624896089
423984,-4.983290263,59.95047779,0.552620804
423985,-5.679833002,55.26477584,0.496671705
423986,-6.992585368,50.18178768,0.501620943
423987,-8.3428145,45.24362353,0.522406319
423988,-9.643919274,40.48283863,0.525679508
423989,-10.80889227,36.34349053,0.552628286
423990,-11.71795503,32.7544151,0.575853098
423991,-12.04459199,29.22146754,0.582714418
423992,-11.33040315,25.77633873,0.543233397
423993,-9.34965208,22.47868342,0.490760351
423994,-6.727308521,19.9420859,0.412514112
423995,-4.122830758,18.22641132,0.273783669
423996,-1.698546359,16.93204608,0.141460802
423997,0.232145118,16.04546131,0.053565648
423998,1.205010012,15.69152803,0.020654851
423999,1.743053776,15.51980398,0.008612171
424000,2.089667807,15.4107385,-0.006877095
424001,2.247798963,15.35965072,-0.013671231
424002,2.290934971,15.34952355,0.00080752
424003,2.225696798,15.37140245,0.018762718
424004,1.636210895,15.54195691,0.03314089
424005,0.489408312,15.85673952,0.065224473
424006,-0.719116948,16.16638733,0.07893667
424007,-1.876421527,16.44044863,0.075164632
424008,-2.666158191,16.61573144,0.056772025
424009,-3.202942457,16.66300415,0.025949727
424010,-3.461640612,16.62986031,-0.013060793
424011,-3.32164318,16.70835707,-0.075266553
424012,-3.532590533,16.77509432,-0.090319424
424013,-3.422526598,16.78906097,-0.142637588
424014,-3.144735778,16.81755807,-0.148613423
424015,-3.024913334,16.79484996,-0.116072255
424016,-2.983188912,16.75107992,-0.108501687
424017,-2.983250178,16.82349986,-0.120197823
424018,-3.087809817,16.90890255,-0.10505852
424019,-3.290347348,17.01108467,-0.080017293
424020,-3.324933304,17.01590001,-0.086083281
424021,-3.200387066,17.0275434,-0.088039233
424022,-2.938880688,17.03790655,-0.10334489
424023,-2.620699172,17.00354769,-0.11602201
424024,-2.402701584,17.02208305,-0.094658929
424025,-2.320125667,17.07008982,-0.076389106
424026,-2.352191799,17.13219559,-0.107700155
424027,-2.543136293,17.21776637,-0.15596012
424028,-2.51169251,17.25863797,-0.158781815
424029,-2.509816927,17.45547578,-0.169203274
424030,-2.570725539,17.75225629,-0.201231805
424031,-2.665466657,18.0380486,-0.204811177
424032,-3.138294176,18.21971702,-0.210293857
424033,-3.753047369,18.18132979,-0.213295737
424034,-4.141102108,17.94905691,-0.198948867
424035,-4.345219746,17.67085425,-0.208795768
424036,-4.502913567,17.32294599,-0.262779805
424037,-4.571172534,17.04707295,-0.260584625
424038,-4.793351123,16.84451144,-0.244101395
424039,-5.132449057,16.62739471,-0.244044589
424040,-5.496302584,16.48080058,-0.248061182
424041,-5.81520753,16.35827541,-0.220780833
424042,-6.150848664,16.25532734,-0.154986265
424043,-6.365286205,16.13522427,-0.185987442
424044,-6.50186945,16.03083395,-0.243900615
424045,-6.690522619,16.01047155,-0.237073064
424046,-6.866603558,16.02657687,-0.243373459
424047,-6.978919408,16.06466912,-0.23830483
424048,-6.987486822,16.11617915,-0.24647211
424049,-6.590729998,16.11052909,-0.26525063
424050,-5.881855858,16.0731964,-0.253229631
424051,-4.879534603,15.98618782,-0.25467908
424052,-3.492574375,15.76412021,-0.225654443
424053,-1.754801863,15.43057645,-0.201161347
424054,0.118556608,15.02534353,-0.203415072
424055,1.733511764,14.61887116,-0.205474215
424056,2.836336639,14.30767902,-0.206136869
424057,3.446845857,14.14841857,-0.213960069
424058,3.63636778,14.1220074,-0.221071356
424059,3.531163503,14.17161635,-0.223449206
424060,3.44945328,14.21730588,-0.229130697
424061,3.235756174,14.2964441,-0.226704585
424062,2.887590414,14.4180254,-0.213740377
424063,2.640758217,14.52757717,-0.207520843
424064,2.655629666,14.58212586,-0.204305563
424065,2.783670227,14.62051246,-0.192816628
424066,3.129301029,14.60717344,-0.205961156
424067,3.591737804,14.55690154,-0.207926319
424068,3.770249371,14.58356576,-0.23062878
424069,3.892124968,14.60593052,-0.226915031
424070,3.934816471,14.68831837,-0.231723892
424071,3.666321834,14.97204065,-0.231563213
424072,3.222006407,15.5915794,-0.253134685
424073,2.87410842,16.64229972,-0.27739575
424074,3.056475742,18.02500368,-0.317442047
424075,4.064201774,19.75675292,-0.3249767
424076,5.94693714,21.63990452,-0.342369961
424077,8.568115698,23.29686003,-0.391557708
424078,11.76966757,24.27448153,-0.452816189
424079,14.8721973,24.53740589,-0.557524393
424080,17.24279316,24.39350607,-0.715277586
424081,18.70834483,24.22213694,-0.82068444
424082,19.36034227,24.42753831,-0.81913986
424083,19.60713558,24.76617797,-0.775115966
424084,19.58419613,24.88070506,-0.683711235
424085,19.37410596,24.61282683,-0.519096042
424086,19.06590484,24.13115034,-0.358559897
424087,18.77824433,23.70321116,-0.298678226
424088,18.65252152,23.4790143,-0.296221422
424089,18.68486099,23.54778568,-0.284947175
424090,18.96902345,23.98694343,-0.265398059
424091,19.63138532,25.18536928,-0.258318661
424092,20.55314068,27.11172858,-0.292562639
424093,21.56079998,29.43717661,-0.346800906
424094,22.63450264,31.99614336,-0.378542264
424095,24.15010841,35.1829697,-0.386613236
424096,26.12898141,39.09310651,-0.434293439
424097,27.98022882,43.47739527,-0.455210929
424098,29.72554547,47.10141606,-0.480659428
424099,31.28760009,49.87113662,-0.47546154
424100,32.52966455,51.94101989,-0.475294421
424101,33.64847138,53.3859461,-0.490336754
424102,33.9848459,54.24452222,-0.478698858
424103,33.92232447,54.23122538,-0.463229523
424104,33.55826826,53.32473713,-0.45474952
424105,32.70997394,51.82350209,-0.473945118
424106,31.62594726,49.75385108,-0.528489146
424107,30.3581291,47.14614588,-0.576333169
424108,29.05414358,44.5612869,-0.575558804
424109,27.85871921,42.02679607,-0.536722179
424110,26.53911123,39.44253821,-0.506338256
424111,25.14517133,36.69901021,-0.476305115
424112,23.69873514,33.75024152,-0.417892446
424113,22.10440156,30.80387555,-0.37720902
424114,20.28618975,27.43013125,-0.37247487
424115,18.43768804,23.84007828,-0.371542299
424116,17.20321918,21.39171545,-0.364143811
424117,16.85248987,20.6494445,-0.356225147
424118,17.08333602,21.19458632,-0.346475584
424119,17.4348077,22.6439439,-0.376678145
424120,17.10474674,24.48586878,-0.456289125
424121,15.13917785,26.02422117,-0.536961494
424122,11.29562665,26.67307455,-0.59484343
424123,6.056302394,26.64247524,-0.716983441
424124,-0.302906518,26.11721396,-0.819625859
424125,-7.146964676,25.17753532,-0.873570224
424126,-13.3703944,23.09399815,-0.797558013
424127,-17.77082002,20.86643817,-0.769581795
424128,-20.47726765,18.9171275,-0.665155762
424129,-21.53574249,17.69713873,-0.437941367
424130,-21.36832567,16.87316713,-0.233171452
424131,-20.29938488,16.03951885,-0.129793568
424132,-18.88005151,15.55190532,-0.095271123
424133,-17.49899613,15.09999643,-0.118380267
424134,-16.45671778,14.6664167,-0.164117195
424135,-15.67167278,14.35869464,-0.187128285
424136,-14.88875246,14.05366893,-0.193577816
424137,-13.87464198,13.94361614,-0.150465585
424138,-12.48088319,14.3594141,-0.108207835
424139,-10.42971283,15.45141507,-0.224084326
424140,-7.801081553,17.48665915,-0.286435475
424141,-4.612565315,20.37862445,-0.315424245
424142,-1.262404694,24.17650487,-0.386648514
424143,2.106227741,28.54479493,-0.454180877
424144,5.48393462,32.82415822,-0.695888423
424145,8.36522457,36.42580035,-0.844060958
424146,10.51867399,39.10393116,-0.950994392
424147,11.82742865,40.86671546,-1.000387838
424148,12.71383099,41.84602783,-1.046743922
424149,13.28760241,42.36975228,-1.124406148
424150,13.58524349,42.54678912,-1.12770817
424151,13.66170217,42.30144774,-0.987939012
424152,13.65424157,41.75062215,-0.892887548
424153,13.60304473,40.68993075,-0.788788923
424154,13.55309113,39.0881861,-0.727559702
424155,13.53108764,37.07125938,-0.6360626
424156,13.97404953,34.45761718,-0.53614581
424157,14.94950337,31.40530777,-0.443378359
424158,16.64580387,28.08619063,-0.367359532
424159,18.80782951,24.11021759,-0.283126203
424160,21.01126165,20.3070694,-0.229286536
424161,23.19978015,17.61740896,-0.203835971
424162,24.90132621,16.63757754,-0.265477643
424163,25.43752733,17.02227548,-0.325458151
424164,24.88939936,18.97613192,-0.442022723
424165,24.08613373,21.6201738,-0.530793834
424166,23.63409108,23.77714088,-0.520982729
424167,23.93425998,24.46035692,-0.460528642
424168,25.18730268,23.57709802,-0.369361495
424169,27.09105076,21.54185557,-0.303124909
424170,29.04948332,18.7498308,-0.224825485
424171,30.83662824,16.03349091,-0.164245416
424172,32.05616794,13.80220804,-0.090283147
424173,32.64770757,12.24183579,-0.048336703
424174,32.62485991,11.10627671,-0.039244742
424175,31.81886723,10.53147044,-0.024351393
424176,30.09755923,10.35449412,-0.018990057
424177,28.05136998,10.42628917,-0.023132474
424178,26.20671778,10.61477141,0.003376664
424179,25.08789656,10.71885642,0.019662396
424180,24.88497296,10.73182032,0.026113229
424181,24.88780914,10.70885924,0.008088817
424182,24.87120923,10.70325436,0.008527552
424183,24.86907809,10.70239625,0.014848537
424184,24.87187661,10.70311063,0.02358038
424185,24.87260985,10.7031361,0.034009762
424186,24.87314577,10.7017134,0.046140494
424187,24.87168122,10.69829885,0.052289775
424188,24.87035686,10.69487608,0.058679374
424189,24.87140586,10.6920971,0.065633544
424190,24.86621389,10.68938126,0.068738704
424191,24.86490302,10.68327127,0.069131633
424192,24.86185508,10.67577187,0.076707655
424193,24.85951792,10.67064789,0.085229722
424194,24.85558771,10.66678287,0.09433925
424195,24.85241663,10.65698247,0.09382429
424196,24.84985696,10.64768504,0.096105488
424197,24.84381909,10.6419931,0.10122482
424198,24.84076651,10.63716104,0.107973011
424199,24.83978779,10.63269037,0.113229655
424200,24.84467144,10.62929916,0.115495575
424201,24.84573038,10.62186389,0.122800731
424202,24.84811393,10.61940756,0.128492278
424203,24.84397167,10.60899238,0.135404549
424204,24.84474943,10.59675988,0.14378164
424205,24.84391794,10.59208843,0.159788112
424206,24.84863641,10.58160111,0.161317783
424207,24.84962514,10.5759146,0.169168412
424208,24.84985599,10.57227826,0.178758546
424209,24.85431877,10.57044514,0.181478409
424210,24.85971373,10.56835556,0.18136015
424211,24.86204773,10.56367315,0.189336687
424212,24.86646237,10.56238593,0.190469659
424213,24.86845247,10.56006896,0.190584105
424214,24.86926976,10.55608524,0.199632557
424215,24.87396751,10.55527748,0.201162235
424216,24.87841357,10.55215445,0.201845058
424217,24.88172462,10.5544716,0.206582914
424218,24.88336639,10.55891436,0.209924595
424219,24.88427246,10.55862073,0.210103904
424220,24.88452009,10.5642197,0.214174195
424221,24.8839507,10.56380714,0.214311537
424222,24.88311222,10.55903532,0.214006366
424223,24.88188052,10.56057985,0.216390554
424224,24.87963666,10.55877982,0.220533314
424225,24.88313266,10.5599776,0.221635751
424226,24.88760768,10.55974935,0.22110931
424227,24.89042962,10.55818436,0.223882589
424228,24.88858198,10.5534176,0.223604115
424229,24.88872427,10.55214096,0.219442286
424230,24.88864505,10.54775216,0.219171447
424231,24.88916982,10.54435982,0.217660831
424232,24.89093035,10.54143097,0.214441224
424233,24.89306101,10.5407592,0.215360555
424234,24.893949,10.54139664,0.21624174
424235,24.90052549,10.54033267,0.208619962
424236,24.90436549,10.53779784,0.207612879
424237,24.90588644,10.53441435,0.215131656
424238,24.90978315,10.53121644,0.218377974
424239,24.91363224,10.52765959,0.223592676
424240,24.91986226,10.52249932,0.222909836
424241,24.92903812,10.51723404,0.225965378
424242,24.94050431,10.51091111,0.226651984
424243,24.95062684,10.50912425,0.228181629
424244,24.96005087,10.5076115,0.232042059
424245,24.96618398,10.50862995,0.236036023
424246,24.97375331,10.50605301,0.236146639
424247,24.97468085,10.50705226,0.236871441
424248,24.97286323,10.50465493,0.239858377
424249,24.97130687,10.50768882,0.237920539
424250,24.96934552,10.51334888,0.243428989
424251,24.96877589,10.52171758,0.247548874
424252,24.96600894,10.52651208,0.2495516
424253,24.96570386,10.52992905,0.25472813
424254,24.96144367,10.53227753,0.260564616
424255,24.95767557,10.53341011,0.262895392
424256,24.95461679,10.52956305,0.264489939
424257,24.95147455,10.527253,0.268079578
424258,24.95332377,10.52413429,0.268285573
424259,24.95251251,10.52227007,0.269754245
424260,24.95295285,10.52022124,0.273542249
424261,24.95313863,10.51905745,0.276216364
424262,24.9540124,10.51817103,0.28309808
424263,24.95471172,10.5185294,0.292646269
424264,24.96058225,10.51597546,0.296045148
424265,24.96595446,10.51448707,0.301370447
424266,24.97014824,10.5100914,0.302617831
424267,24.96998697,10.5033187,0.306379104
424268,24.97173277,10.49872733,0.303884273
424269,24.97251649,10.5005815,0.308194859
424270,24.97253028,10.50061508,0.310620994
424271,24.97391968,10.49793039,0.311029168
424272,24.97619587,10.49675445,0.319200256
424273,24.97989438,10.49409411,0.321492895
424274,24.98280128,10.48994871,0.323560475
424275,24.98330518,10.48352484,0.327966452
424276,24.98418717,10.47330478,0.329435106
424277,24.98689067,10.4634779,0.333184945
424278,24.99016258,10.45249669,0.333692286
424279,24.99213003,10.44473958,0.33464213
424280,24.99352926,10.43400759,0.335794162
424281,24.99435824,10.42589282,0.339997955
424282,24.99695765,10.42213005,0.339650822
424283,25.00192929,10.42063815,0.341111861
424284,25.00309426,10.41946635,0.3451173
424285,25.00531458,10.41536167,0.347779962
424286,25.00698631,10.41167872,0.349206663
424287,25.00706068,10.41268314,0.356576663
424288,25.00823114,10.41604412,0.359472023
424289,25.00968754,10.42015339,0.363790261
424290,25.01078519,10.41835662,0.360162474
424291,25.01042033,10.4163513,0.359258384
424292,25.01289997,10.41515507,0.36127253
424293,25.01852521,10.41337816,0.359883962
424294,25.02396665,10.41115506,0.362584751
424295,25.02961615,10.41106144,0.361810349
424296,25.03503657,10.40564905,0.361180902
424297,25.03781898,10.39848109,0.35659562
424298,25.03826875,10.3946016,0.355302411
424299,25.04069339,10.38993717,0.354341083
424300,25.04505779,10.38587692,0.350659883
424301,25.04841553,10.38675358,0.350125814
424302,25.05357372,10.38910808,0.349248417
424303,25.05753273,10.3939449,0.350316514
424304,25.05898013,10.3936401,0.355542637
424305,25.0574514,10.39229687,0.355931739
424306,25.05742535,10.38701818,0.355493054
424307,25.05780168,10.38523101,0.356404782
424308,25.05981205,10.38429067,0.353936678
424309,25.06176368,10.38143045,0.352708347
424310,25.06292067,10.38064717,0.35268545
424311,25.06193541,10.37998924,0.357045633
424312,25.06409802,10.37469785,0.355882116
424313,25.06490679,10.36738584,0.354001424
424314,25.06712862,10.36083903,0.355859135
424315,25.06921052,10.35455764,0.35912066
424316,25.07383144,10.34754959,0.356477045
424317,25.07701854,10.33980885,0.354207303
424318,25.07942961,10.33523931,0.356381698
424319,25.08051642,10.32898327,0.355897263
424320,25.08159303,10.32127297,0.351476067
424321,25.07953405,10.3138829,0.3518385
424322,25.08065968,10.30479264,0.349156772
424323,25.08597353,10.30016591,0.343644517
424324,25.09387023,10.29438363,0.335095751
424325,25.10234214,10.28831146,0.32463582
424326,25.10879351,10.28287109,0.323815627
424327,25.11311975,10.27930332,0.327645553
424328,25.11329705,10.27665161,0.332177398
424329,25.11523202,10.27592103,0.332581751
424330,25.11436287,10.27240454,0.336144691
424331,25.11234106,10.26827293,0.339776302
424332,25.11250036,10.26331521,0.337872786
424333,25.11893208,10.25689764,0.334790519
424334,25.12030857,10.25237194,0.336152376
424335,25.12115967,10.2500549,0.343381229
424336,25.12333903,10.24495912,0.347375209
424337,25.1270824,10.23825893,0.350014968
424338,25.13046297,10.23341629,0.352082512
424339,25.13302741,10.228058,0.351979487
424340,25.13648075,10.22572547,0.352414335
424341,25.13980081,10.22526612,0.35661429
424342,25.14315113,10.22575304,0.361058393
424343,25.14187164,10.22915464,0.367127566
424344,25.14199811,10.23242567,0.37317386
424345,25.14305179,10.23419654,0.374573846
424346,25.14396981,10.23553911,0.378773828
424347,25.14188216,10.23775594,0.383328584
424348,25.14260136,10.23807301,0.386178162
424349,25.13952744,10.23979476,0.390732912
424350,25.13501083,10.24405853,0.398900191
424351,25.13399138,10.24418141,0.404969382
424352,25.13561152,10.24404446,0.404957936
424353,25.13670727,10.23993299,0.407204797
424354,25.13805621,10.23426675,0.407254383
424355,25.13775483,10.22795366,0.409722494
424356,25.13809489,10.21649673,0.412747551
424357,25.13840204,10.20724838,0.411786252
424358,25.13960604,10.19753711,0.414048376
424359,25.13924221,10.18953174,0.416665273
424360,25.14065076,10.18215414,0.420331208
424361,25.14262963,10.17543729,0.416943766
424362,25.13789061,10.16840004,0.420415149
424363,25.13404754,10.16550294,0.422055474
424364,25.13324307,10.16490702,0.427853807
424365,25.13419364,10.16231195,0.428231458
424366,25.13482869,10.16547308,0.430009113
424367,25.13564278,10.16469409,0.426598786
424368,25.13768565,10.16472983,0.426682722
424369,25.14032967,10.16347087,0.426717061
424370,25.14241936,10.16198708,0.424271847
424371,25.14246425,10.16372497,0.428624418
424372,25.14730744,10.16500498,0.431523565
424373,25.15149298,10.1653313,0.432522991
424374,25.15957183,10.16934907,0.433835213
424375,25.16573218,10.17056429,0.433274418
424376,25.17483194,10.17396934,0.436715246
424377,25.18107146,10.17449174,0.44217788
424378,25.18981991,10.17556625,0.442055801
424379,25.19499155,10.17452923,0.438664536
424380,25.19356737,10.17933543,0.444672689
424381,25.18714104,10.17536671,0.449555518
424382,25.18768094,10.17574249,0.452134252
424383,25.18579509,10.17478423,0.463238833
424384,25.18659804,10.17819486,0.468426806
424385,25.19217396,10.17712284,0.466309625
424386,25.19843103,10.17600279,0.463246395
424387,25.20649987,10.18027837,0.45558264
424388,25.20687655,10.18432289,0.456521037
424389,25.20776193,10.18936627,0.464734075
424390,25.2066063,10.19364173,0.477402692
424391,25.20649709,10.19290663,0.480748192
424392,25.20752582,10.19132182,0.481976539
424393,25.20702902,10.18617713,0.482430503
424394,25.20681352,10.18393393,0.482407622
424395,25.20538661,10.18168044,0.485684441
424396,25.20498198,10.17701513,0.49464134
424397,25.20097762,10.17310201,0.500702881
424398,25.19983304,10.17145293,0.503647809
424399,25.20236942,10.1647709,0.505352953
424400,25.20311175,10.15764363,0.509171461
424401,25.20305901,10.15264795,0.5144968
424402,25.20760871,10.14815666,0.515927328
424403,25.21327547,10.14457406,0.514473938
424404,25.21827993,10.14551949,0.523827562
424405,25.21981663,10.14708348,0.529164301
424406,25.22606755,10.14799066,0.528435662
424407,25.23188701,10.15230104,0.535748404
424408,25.23267076,10.15706144,0.538887888
424409,25.23073191,10.15784151,0.543953815
424410,25.22933181,10.16174859,0.550614292
424411,25.22703089,10.16688039,0.557690578
424412,25.22240926,10.17032092,0.562161433
424413,25.21817256,10.16896294,0.568001762
424414,25.21389422,10.16890993,0.57060722
424415,25.21387729,10.16763603,0.572281866
424416,25.2120733,10.16986393,0.574791912
424417,25.20832453,10.16776477,0.577378259
424418,25.20437443,10.16452558,0.58328339
424419,25.20281938,10.16071884,0.58530898
424420,25.19930685,10.16047152,0.590222308
424421,25.19581157,10.15457792,0.591999965
424422,25.18986043,10.14854034,0.595604873
424423,25.18816799,10.14593557,0.601159075
424424,25.18763926,10.14032088,0.604611382
424425,25.18586298,10.13455296,0.605378147
424426,25.18493117,10.12871825,0.610508926
424427,25.18531283,10.12248207,0.61012746
424428,25.18713622,10.11714463,0.612450602
424429,25.18962147,10.11133819,0.617665277
424430,25.18855326,10.10882272,0.621914845
424431,25.18730449,10.10925025,0.624814021
424432,25.1889726,10.10822075,0.625828735
424433,25.19017288,10.10792749,0.626576426
424434,25.1907444,10.10988966,0.631939901
424435,25.19250732,10.10787335,0.637097378
424436,25.19177686,10.10322824,0.642933869
424437,25.19387091,10.10071911,0.645817764
424438,25.19652506,10.09778178,0.651734345
424439,25.20165931,10.09496343,0.65532776
424440,25.20155834,10.09156601,0.657704305
424441,25.19893191,10.08824252,0.656094498
424442,25.19372519,10.08824408,0.657929368
424443,25.18798255,10.0902372,0.658307023
424444,25.18484644,10.09347332,0.661534266
424445,25.19173686,10.08913844,0.657257988
424446,25.19794099,10.08099351,0.651722867
424447,25.20155544,10.06672186,0.644223193
424448,25.20559426,10.05669377,0.631203653
424449,25.20787657,10.04390868,0.623917605
424450,25.20800564,10.03372108,0.618710567
424451,25.20813648,10.01766707,0.604947157
424452,25.20613184,10.00250611,0.591481281
424453,25.21074384,9.989851964,0.579903664
424454,25.21724921,9.976088067,0.567463926
424455,25.21894638,9.967400368,0.561791479
424456,25.22305009,9.956449078,0.553666181
424457,25.22592831,9.944804687,0.544213372
424458,25.22708498,9.933216246,0.542370881
424459,25.2354588,9.918674545,0.532994346
424460,25.24238393,9.90403601,0.529667923
424461,25.24538811,9.891549435,0.526635236
424462,25.24737302,9.875532982,0.521275596
424463,25.25105302,9.860274185,0.517964439
424464,25.25537675,9.839098411,0.511757941
424465,25.26082333,9.821170081,0.50544081
424466,25.26809551,9.806890389,0.503064255
424467,25.27723273,9.791113768,0.494698616
424468,25.28081212,9.77252842,0.486275769
424469,25.28420728,9.753000722,0.476452925
424470,25.28697661,9.736340058,0.468751051
424471,25.29359423,9.722259708,0.466000651
424472,25.30113154,9.71047501,0.459637726
424473,25.30591659,9.697165304,0.457932563
424474,25.31215201,9.688430972,0.455887893
424475,25.31671755,9.678995004,0.452248683
424476,25.31932228,9.670093692,0.451176756
424477,25.32454802,9.659784853,0.444512464
424478,25.33158756,9.649348321,0.440545155
424479,25.33582111,9.637833322,0.433743522
424480,25.33729904,9.623853287,0.427338616
424481,25.34210951,9.612642306,0.423180559
424482,25.3490629,9.605063812,0.41152661
424483,25.35390215,9.596596283,0.401368044
424484,25.35671244,9.586685262,0.392033469
424485,25.3600483,9.579888318,0.386288532
424486,25.36520108,9.574125973,0.377221006
424487,25.36574985,9.568778303,0.373619961
424488,25.36915718,9.563943571,0.363079978
424489,25.37019795,9.561332409,0.35691164
424490,25.37351822,9.55379684,0.346547111
424491,25.37656898,9.543893299,0.338704079
424492,25.38402214,9.536537765,0.329754766
424493,25.39300953,9.532166183,0.321423418
424494,25.40330475,9.529090391,0.314232658
424495,25.41441664,9.528762712,0.309921999
424496,25.42590795,9.520454145,0.301998831
424497,25.43319961,9.513778953,0.295014108
424498,25.43737718,9.508340073,0.287342758
424499,25.44082748,9.503594948,0.278805484
424500,25.44450323,9.492014766,0.270615353
424501,25.4473311,9.481650953,0.271897098
424502,25.45345848,9.473097084,0.266278042
424503,25.45596569,9.46252103,0.267864938
424504,25.46118742,9.452781003,0.263855653
424505,25.46396178,9.44235761,0.256455111
424506,25.46660788,9.432728408,0.247845311
424507,25.47106537,9.42328354,0.238072033
424508,25.47460851,9.415147279,0.234913457
424509,25.47897779,9.411711599,0.228233922
424510,25.48295937,9.404697882,0.224091174
424511,25.48601337,9.394591342,0.221016545
424512,25.48617621,9.382151757,0.216522853
424513,25.4849599,9.37161633,0.211960481
424514,25.48571989,9.363299451,0.205860759
424515,25.48944333,9.356564649,0.198692908
424516,25.49683539,9.352014638,0.195061281
424517,25.50546445,9.350389878,0.193829104
424518,25.5121656,9.345192755,0.187954455
424519,25.51530754,9.338400298,0.181454201
424520,25.51559994,9.334019849,0.173656966
424521,25.51741981,9.332513468,0.16895345
424522,25.52110132,9.332702441,0.163303887
424523,25.52733969,9.329798525,0.155384563
424524,25.53179966,9.32579865,0.153549687
424525,25.53507829,9.323083309,0.149837981
424526,25.53779211,9.323571506,0.146969328
424527,25.53971945,9.323650386,0.145020026
424528,25.53965901,9.326506676,0.145073443
424529,25.53688213,9.331804753,0.14602713
424530,25.53476377,9.337245635,0.149284898
424531,25.53537511,9.340762373,0.146336158
424532,25.53595663,9.345676038,0.151470749
424533,25.54282197,9.344824032,0.147026625
424534,25.54570257,9.334587719,0.142361249
424535,25.55248976,9.324543978,0.137337274
424536,25.55919153,9.313402494,0.12999396
424537,25.56718959,9.305866321,0.125553616
424538,25.5721255,9.295388622,0.119274596
424539,25.57805411,9.282871142,0.104278992
424540,25.5850946,9.272590949,0.093929689
424541,25.59174762,9.260340679,0.086483384
424542,25.59402895,9.252305857,0.084026713
424543,25.59764367,9.242067333,0.082752606
424544,25.60634798,9.228237708,0.074875261
424545,25.60925332,9.213879383,0.07325022
424546,25.60954276,9.19719938,0.069023558
424547,25.61494473,9.188176851,0.06691785
424548,25.61745707,9.177983353,0.065960361
424549,25.61508948,9.16615135,0.067322214
424550,25.61462452,9.16002031,0.063133676
424551,25.61509404,9.153557185,0.058700991
424552,25.61377677,9.147508262,0.058002903
424553,25.61821166,9.138092292,0.054455226
424554,25.62182086,9.125789846,0.049011649
424555,25.62545097,9.111889012,0.046783865
424556,25.63030646,9.102286351,0.042431295
424557,25.63562908,9.09073709,0.034241135
424558,25.64465295,9.078998016,0.023144163
424559,25.65516855,9.069951555,0.012756722
424560,25.66163083,9.067640343,0.007961635
424561,25.66801486,9.064999732,0.002529497
424562,25.67607521,9.059476721,-0.006599093
424563,25.68234523,9.051023192,-0.011867215
424564,25.68693243,9.044442396,-0.016574571
424565,25.69126313,9.036060445,-0.030284599
424566,25.70083575,9.026836812,-0.04202244
424567,25.70992052,9.018146315,-0.053176633
424568,25.71550345,9.008011456,-0.0616262
424569,25.71681124,9.000526642,-0.070228343
424570,25.7175185,8.992524233,-0.078540554
424571,25.71667935,8.983643874,-0.085849489
424572,25.72008531,8.972995812,-0.102790546
424573,25.72465002,8.964112285,-0.11480684
424574,25.72701575,8.95375844,-0.123984991
424575,25.73069726,8.939335997,-0.131087957
424576,25.73531694,8.924383192,-0.145194731
424577,25.74147992,8.912819494,-0.16014837
424578,25.7497119,8.90055596,-0.174114006
424579,25.75836236,8.882170272,-0.192516121
424580,25.76142636,8.867342614,-0.200515553
424581,25.76349026,8.850500222,-0.215095324
424582,25.76875577,8.834043953,-0.235652734
424583,25.7725409,8.81855908,-0.24849682
424584,25.77656446,8.805923135,-0.263633536
424585,25.783022,8.795249836,-0.270705995
424586,25.79047227,8.785986142,-0.287402929
424587,25.79550621,8.773620224,-0.295905883
424588,25.80263313,8.762892918,-0.301505843
424589,25.80942485,8.748353655,-0.309737948
424590,25.81450135,8.733218635,-0.320747151
424591,25.82464408,8.720045252,-0.334174893
424592,25.83084041,8.704292648,-0.339740542
424593,25.83961232,8.685502159,-0.355125226
424594,25.84812292,8.669407256,-0.373924057
424595,25.85326915,8.655838485,-0.386863513
424596,25.8588474,8.638646999,-0.399947929
424597,25.86419473,8.623607542,-0.411529357
424598,25.87085138,8.610243067,-0.423942395
424599,25.87631964,8.597109495,-0.437003925
424600,25.87920839,8.589668173,-0.441959225
424601,25.8792269,8.585922914,-0.446304164
424602,25.87890324,8.586966446,-0.442790823
